{
	"name":"cat-tsp.json",
	"speed": 200,
	"path":[
		[1857.3604, 479.85663],
		[1902.6104, 458.77695],
		[1950.0016, 481.46088],
		[1955.8752, 448.24066],
		[1948.5219, 415.54266],
		[1913.2657, 410.08527],
		[1919.9415, 380.62372],
		[1888.7607, 382.76157],
		[1877.1262, 412.82394],
		[1857.2281, 383.96152],
		[1841.8086, 410.62863],
		[1821.4745, 384.56064],
		[1804.9553, 409.712],
		[1782.9708, 383.47043],
		[1767.8965, 411.2677],
		[1745.6638, 391.4956],
		[1720.2054, 424.54333],
		[1710.1382, 394.64084],
		[1726.9141, 363.05414],
		[1700.9769, 358.97375],
		[1714.9062, 327.81573],
		[1687.0453, 329.2972],
		[1690.3402, 295.78906],
		[1664.6587, 307.65637],
		[1638.4307, 291.75714],
		[1659.8673, 270.9308],
		[1621.0334, 262.27856],
		[1604.8855, 286.59235],
		[1603.0988, 361.97617],
		[1627.5784, 384.81613],
		[1628.6027, 417.8623],
		[1597.1719, 429.93958],
		[1573.1665, 378.90607],
		[1568.5459, 412.566],
		[1512.28, 469.20282],
		[1501.8511, 494.3358],
		[1526.4274, 513.9476],
		[1540.2693, 492.00034],
		[1575.9724, 505.25702],
		[1610.6846, 511.5949],
		[1641.6177, 498.8264],
		[1670.374, 480.68024],
		[1692.9932, 449.7918],
		[1719.7108, 458.40137],
		[1699.4164, 486.23825],
		[1672.85, 510.83664],
		[1641.2676, 525.1786],
		[1616.8401, 547.26855],
		[1587.7197, 531.4914],
		[1555.6195, 524.46423],
		[1505.54, 624.3463],
		[1489.1943, 743.85],
		[1466.0999, 758.3449],
		[1458.6235, 780.90546],
		[1494.5527, 776.977],
		[1529.2114, 778.12354],
		[1519.2456, 751.688],
		[1555.5697, 753.77826],
		[1562.5826, 780.06165],
		[1589.279, 768.39954],
		[1614.8306, 768.62463],
		[1639.1008, 779.4348],
		[1646.7953, 750.6997],
		[1667.7561, 776.03],
		[1684.231, 748.8308],
		[1695.8975, 777.68335],
		[1725.8484, 779.76196],
		[1716.9038, 756.9387],
		[1715.718, 732.3322],
		[1745.1624, 748.3959],
		[1754.0864, 778.86914],
		[1771.9778, 760.2803],
		[1788.8024, 780.5568],
		[1820.7943, 779.9941],
		[1801.1477, 754.1919],
		[1774.3474, 733.76],
		[1747.0187, 718.831],
		[1720.8538, 639.60706],
		[1776.3871, 703.20917],
		[1801.4781, 721.24603],
		[1823.3135, 735.0675],
		[1835.2561, 758.5764],
		[1855.2839, 777.8832],
		[1886.5519, 778.2218],
		[1914.4873, 774.6137],
		[1944.3516, 778.09607],
		[1977.9838, 780.64575],
		[1987.1559, 759.1758],
		[1958.635, 752.68945],
		[1982.1143, 733.33417],
		[1981.7256, 708.1621],
		[2087.0552, 681.2699],
		[1984.0896, 629.96716],
		[1981.6008, 656.7999],
		[1980.7365, 682.9955],
		[1948.5183, 691.8966],
		[1948.4604, 660.12103],
		[1919.9932, 673.1623],
		[1893.2942, 691.81433],
		[1918.4054, 710.76855],
		[1950.8611, 721.65717],
		[1929.8994, 745.2148],
		[1901.9249, 740.3029],
		[1875.536, 752.6643],
		[1877.8049, 718.2536],
		[1853.1572, 735.411],
		[1836.8608, 708.7113],
		[1861.9907, 688.33954],
		[1889.008, 659.67017],
		[1916.2336, 635.6919],
		[1899.696, 599.0855],
		[1879.8927, 626.84],
		[1856.165, 653.01917],
		[1832.4597, 675.79755],
		[1807.1328, 692.93176],
		[1799.5105, 639.99207],
		[1830.9, 593.02014],
		[1852.0759, 545.2512],
		[1890.3022, 510.0604],
		[1915.815, 553.74445],
		[1924.5432, 578.5265],
		[1946.5419, 545.7469],
		[1956.7493, 577.5123],
		[1936.8339, 606.13257],
		[1952.7135, 630.8613],
		[1977.1818, 603.81195],
		[1989.232, 577.3929],
		[1978.5317, 550.563],
		[1985.5725, 524.6878],
		[1935.4142, 517.05994],
		[1960.5083, 513.0547],
		[1983.138, 493.93686],
		[1981.8931, 465.76813],
		[2087.7417, 444.91953],
		[1983.25, 434.75854],
		[1980.8818, 405.48218],
		[1950.5756, 387.01135],
		[1958.0756, 357.5428],
		[1984.4624, 374.26227],
		[1985.6631, 337.3649],
		[1988.8851, 290.31195],
		[1971.0375, 310.32382],
		[1948.2452, 330.23895],
		[1940.9011, 296.38342],
		[1899.2822, 314.00067],
		[1860.8772, 322.25275],
		[1857.3892, 258.71793],
		[1898.0741, 215.34634],
		[1885.8231, 182.8063],
		[1915.9839, 163.59248],
		[1922.4806, 194.44702],
		[1953.4395, 208.20087],
		[1924.5002, 230.2381],
		[1924.9475, 262.1706],
		[1957.2289, 272.9718],
		[1984.0886, 257.51694],
		[1955.4333, 240.42188],
		[1984.29, 222.36316],
		[1983.0416, 188.55377],
		[2089.743, 139.77681],
		[1986.4688, 89.019424],
		[1988.1577, 50.51681],
		[1980.6273, 22.01596],
		[1946.3203, 21.243084],
		[1917.6036, 48.300396],
		[1934.8931, 70.46044],
		[1954.3567, 44.795956],
		[1966.9546, 68.79477],
		[1982.2543, 121.9501],
		[1981.9535, 154.98984],
		[1951.7711, 176.67577],
		[1948.7114, 148.65714],
		[1949.8711, 121.615105],
		[1956.9807, 95.149864],
		[1924.6174, 99.97339],
		[1918.4753, 131.46579],
		[1887.3632, 144.3446],
		[1891.3145, 111.21301],
		[1899.9878, 79.80225],
		[1887.1528, 53.054195],
		[1916.2856, 21.317863],
		[1887.2886, 23.713379],
		[1857.4653, 19.045204],
		[1827.2104, 26.31713],
		[1799.8214, 28.651611],
		[1771.8665, 24.782017],
		[1768.6135, 59.785645],
		[1801.6016, 66.15017],
		[1831.6154, 63.745422],
		[1855.5226, 42.99737],
		[1862.8862, 69.04175],
		[1863.9457, 93.98882],
		[1855.8242, 124.05368],
		[1859.3273, 157.17072],
		[1822.2039, 200.12523],
		[1821.0498, 133.76457],
		[1828.0293, 98.32652],
		[1792.7744, 100.8217],
		[1755.4254, 90.13867],
		[1726.1501, 61.46142],
		[1742.0819, 27.919426],
		[1708.0906, 26.260132],
		[1682.8435, 54.15388],
		[1668.9036, 24.70313],
		[1632.8613, 33.009583],
		[1591.5698, 30.81752],
		[1548.551, 31.748798],
		[1562.0588, 154.02998],
		[1581.7113, 264.25757],
		[1564.5552, 292.7706],
		[1542.5022, 272.80737],
		[1523.4686, 299.99384],
		[1491.0574, 311.61212],
		[1506.6906, 334.8164],
		[1473.6791, 345.07806],
		[1487.5496, 371.53455],
		[1452.7389, 377.12903],
		[1464.1613, 399.20236],
		[1487.8352, 407.71674],
		[1467.0308, 432.4129],
		[1494.6234, 440.43747],
		[1480.3328, 466.03564],
		[1385.9218, 527.7638],
		[1331.0421, 639.6085],
		[1330.9509, 669.5216],
		[1346.7374, 697.3363],
		[1362.4033, 668.4156],
		[1380.4575, 695.26355],
		[1406.4592, 706.6334],
		[1354.1145, 726.80096],
		[1354.1567, 755.40546],
		[1383.1652, 733.43274],
		[1410.8728, 741.2208],
		[1432.5078, 720.72595],
		[1458.4064, 732.2514],
		[1435.7633, 755.6736],
		[1423.0829, 780.1234],
		[1395.3097, 769.6838],
		[1368.5518, 779.7667],
		[1329.2416, 777.907],
		[1323.0464, 719.9407],
		[1311.3944, 748.3513],
		[1289.222, 774.70013],
		[1250.0507, 773.7905],
		[1214.456, 771.9706],
		[1220.7349, 734.1843],
		[1265.0902, 742.5461],
		[1286.9498, 716.67236],
		[1307.4813, 688.97766],
		[1273.0597, 679.3006],
		[1248.283, 706.7903],
		[1212.4701, 692.09375],
		[1237.7584, 665.66766],
		[1211.3247, 641.93243],
		[1211.6501, 592.6207],
		[1237.4327, 617.9585],
		[1265.2935, 641.79144],
		[1298.529, 651.3861],
		[1305.2766, 614.0525],
		[1273.0244, 608.27655],
		[1284.04, 576.23804],
		[1248.1204, 579.4209],
		[1220.5712, 554.47284],
		[1214.9089, 522.45355],
		[1261.0156, 542.5188],
		[1248.9281, 507.81293],
		[1242.5897, 469.93494],
		[1213.9686, 485.98425],
		[1210.12, 446.7164],
		[1235.8373, 434.11243],
		[1233.929, 400.7669],
		[1208.5096, 400.127],
		[1235.646, 371.0079],
		[1209.7362, 355.35846],
		[1239.5256, 339.85803],
		[1245.4955, 311.32684],
		[1211.4946, 315.73535],
		[1220.1448, 281.96338],
		[1209.6866, 253.63054],
		[1253.8909, 284.73706],
		[1262.5281, 260.38605],
		[1278.3136, 236.90384],
		[1239.1604, 241.4133],
		[1212.8793, 220.449],
		[1232.5854, 201.13248],
		[1254.5748, 182.00562],
		[1260.2087, 213.46713],
		[1293.8811, 210.02916],
		[1286.0375, 185.59753],
		[1275.0127, 163.2478],
		[1250.1072, 145.98907],
		[1228.1143, 165.25359],
		[1206.2955, 183.28384],
		[1211.2242, 141.02777],
		[1235.5032, 120.98709],
		[1209.3461, 103.497734],
		[1243.1051, 90.80301],
		[1218.1559, 72.70972],
		[1213.0917, 46.152233],
		[1218.1472, 21.169466],
		[1250.7621, 25.611645],
		[1254.8157, 56.837826],
		[1284.2042, 26.61184],
		[1320.1193, 26.140194],
		[1300.4211, 58.250927],
		[1301.5486, 94.237236],
		[1273.968, 82.16768],
		[1268.3834, 114.1945],
		[1280.4012, 139.71332],
		[1301.9867, 124.09006],
		[1329.9646, 117.12939],
		[1332.2229, 84.576065],
